Item Name,Type,DMG 1,DMG 2,Ash of War,FP Cost,Weight,Physical,Magic,Fire,Lightning,Holy,Total Damage,Sorcery / Incantation Scaling,Critical,Range,Phys. Neg.,Mag. Neg.,Fire Neg.,Ltng. Neg.,Holy Neg.,Guard Boost,STR Sca.,DEX Sca.,INT Sca.,FAI Sca.,ARC Sca.,STR Req.,DEX Req.,INT Req.,FAI Req.,ARC Req.,Passive 1,Passive 2,Notes
Misericorde,Dagger,Slash,Pierce,Quickstep,3,2,225,0,0,0,0,225,N/A,140,N/A,36,21,21,21,21,18,E,C,-,-,-,7,12,0,0,0,,,
Dagger,Dagger,Slash,Pierce,Quickstep,3,1.5,181,0,0,0,0,181,N/A,130,N/A,35,20,20,20,20,18,D,B,-,-,-,5,9,0,0,0,,,
Rapier,Thrusting Sword,Standard,Pierce,Impaling Thrust,9,2.5,235,0,0,0,0,235,N/A,130,N/A,45,30,30,30,30,24,D,B,-,-,-,7,12,0,0,0,,,
Executioner's Greataxe,Greataxe,Standard,,War Cry,16,15,367,0,0,0,0,367,N/A,115,N/A,57,40,40,40,40,48,B,E,-,-,-,34,8,0,0,0,,,
Highland Axe,Axe,Standard,,War Cry,16,4.5,301,0,0,0,0,301,N/A,110,N/A,47,31,31,31,31,37,C,D,-,-,-,12,9,0,0,0,Enhances Roars X%,,
Bloodhound Claws,Claw,Slash,Pierce,Bloodhound's Step,5,3,230,0,0,0,0,230,N/A,110,N/A,38,22,22,22,22,26,C,D,-,-,-,10,15,0,0,0,Blood loss (60),X% Guard Bypass,Two-Handing = Dual Wielding
Hookclaws,Claw,Slash,Pierce,Quickstep,3,2,218,0,0,0,0,218,N/A,110,N/A,35,20,20,20,20,24,D,B,-,-,-,8,14,0,0,0,Blood Loss (60),,Two-Handing = Dual Wielding
Raptor Talons,Claw,Slash,Pierce,Quickstep,3,1.5,203,0,0,0,0,203,N/A,110,N/A,33,19,19,19,19,22,E,B,-,-,-,6,14,0,0,0,Blood Loss (60),,Two-Handing = Dual Wielding ; Great Aerial Attacks
Morgott's Cursed Sword,Curved Great Sword,Slash,,Cursed-Blood Slice,20(- 20),7.5,294,0,0,0,0,294,N/A,110,N/A,42,29,29,29,29,29,D,B,-,-,D,14,35,0,0,17,Blood Loss (36),,
Black Knife,Dagger,Slash,Pierce,Blade of Death,25,2,161,0,0,0,159,320,N/A,110,N/A,26,15,15,15,42,15,E,B,-,C,-,8,12,0,18,0,,,
Blade of Calling,Dagger,Slash,Pierce,Blade of Gold,20,1.5,173,0,0,0,105,278,N/A,110,N/A,31,18,18,18,30,15,D,C,-,B,-,6,13,0,15,0,,,
Bloodstained Dagger,Dagger,Slash,Pierce,Quickstep,3,2,198,0,0,0,0,198,N/A,110,N/A,36,21,21,21,21,18,B,D,-,-,-,9,12,0,0,0,,,
Erdsteel Dagger,Dagger,Slash,Pierce,Quickstep,3,2,164,0,0,0,0,164,N/A,110,N/A,36,21,21,21,21,18,D,D,-,D,-,7,12,0,14,0,,,
Glintstone Kris,Dagger,Slash,Pierce,Glintstone Dart,10(- 4),1.5,139,166,0,0,0,305,N/A,110,N/A,23,45,14,14,14,15,E,C,C,-,-,5,12,16,0,0,,,
Great Knife,Dagger,Slash,Pierce,Quickstep,3,1.5,183,0,0,0,0,183,N/A,110,N/A,35,20,20,20,20,18,E,B,-,-,-,6,12,0,0,0,Blood Loss (38),,
Parrying Dagger,Dagger,Slash,Pierce,Parry,-,1.5,183,0,0,0,0,183,N/A,110,N/A,35,20,20,20,20,18,E,B,-,-,-,5,14,0,0,0,,,
Reduvia,Dagger,Slash,Pierce,Reduvia Blood Blade,6(- 6),2.5,193,0,0,0,0,193,N/A,110,N/A,38,22,22,22,22,16,E,C,-,-,B,5,13,0,0,13,Blood Loss (30),,
Scorpion's Stinger,Dagger,Slash,Pierce,Repeating thrust,7,2.5,193,0,0,0,0,193,N/A,110,N/A,38,22,22,22,22,16,D,B,-,-,-,6,12,0,0,0,Scarlet Rot (50),,
Katar,Fist,Slash,Pierce,Impaling Thrust,9,2.5,237,0,0,0,0,237,N/A,110,N/A,36,21,21,21,21,25,D,C,-,-,-,8,10,0,0,0,,,
Sacred Relic Sword,Great Sword,Standard,Pierce,Wave of Gold,50,11,289,0,0,0,186,475,N/A,110,N/A,47,33,33,33,45,35,D,B,-,C,-,14,24,0,22,0,,,
Death Ritual Spear,Spear,Pierce,,Spearcall Ritual,20,6.5,242,156,0,0,0,398,N/A,110,N/A,54,42,27,27,27,36,D,B,D,-,-,14,20,18,0,0,,,
Lordsworn's Straight Sword,Straight Sword,Standard,Pierce,Square Off,-(6 8),3.5,281,0,0,0,0,281,N/A,110,N/A,45,30,30,30,30,36,D,D,-,-,-,10,10,0,0,0,,,
Noble's Slender Sword,Straight Sword,Standard,Pierce,Square Off,-(6 8),3.5,247,0,0,0,0,247,N/A,110,N/A,43,29,29,29,29,34,E,B,-,-,-,8,11,0,0,0,,,
Ornamental Straight Sword,Straight Sword,Standard,Pierce,Golden Tempering,30,3,247,0,0,0,0,247,N/A,110,N/A,42,28,28,28,28,28,D,B,-,-,-,10,14,0,0,0,,,
Rogier's Rapier,Thrusting Sword,Standard,Pierce,Repeating thrust,7,3.5,227,0,0,0,0,227,N/A,110,N/A,49,33,33,33,33,26,E,B,-,-,-,8,17,0,0,0,,,
Battle Axe,Axe,Standard,,Wild Strikes,2(10 15),4.5,301,0,0,0,0,301,N/A,100,N/A,47,31,31,31,31,37,C,D,-,-,-,12,8,0,0,0,,,
Celebrant's Cleaver,Axe,Standard,,Wild Strikes,2(10 15),4.5,291,0,0,0,0,291,N/A,100,N/A,47,31,31,31,31,37,C,D,-,-,-,12,8,0,0,0,Grants X Runes/Hit ; Y sec CD,,
Forked Hatchet,Axe,Standard,,Quickstep,3,2.5,247,0,0,0,0,247,N/A,100,N/A,40,27,27,27,27,32,D,C,-,-,-,9,14,0,0,0,Blood Loss (50),,
Hand Axe,Axe,Standard,,Quickstep,3,3.5,276,0,0,0,0,276,N/A,100,N/A,42,28,28,28,28,33,D,C,-,-,-,9,8,0,0,0,,,
Icerind Hatchet,Axe,Standard,,Hoarfrost Stomp,10,3,271,0,0,0,0,271,N/A,100,N/A,40,27,27,27,27,27,D,B,-,-,-,11,16,0,0,0,Frost (65),,
Iron Cleaver,Axe,Standard,,Wild Strikes,2(10 15),6,294,0,0,0,0,294,N/A,100,N/A,51,34,34,34,34,40,B,D,-,-,-,15,7,0,0,0,,,
Jawbone Axe,Axe,Standard,,Wild Strikes,2(10 15),5.5,303,0,0,0,0,303,N/A,100,N/A,49,33,33,33,33,39,C,D,-,-,-,14,8,0,0,0,,,
Ripple Blade,Axe,Standard,,Wild Strikes,2(10 15),4.5,171,0,0,0,0,171,N/A,100,N/A,37,31,31,31,31,37,-,-,-,-,S,11,11,0,0,20,,,
Rosus' Axe,Axe,Standard,,Rosus's Summons,15,5.5,259,166,0,0,0,425,N/A,100,N/A,44,44,30,30,30,33,C,D,C,-,-,18,10,18,0,0,,,
Sacrificial Axe,Axe,Standard,,Wild Strikes,2(10 15),5.5,313,0,0,0,0,313,N/A,100,N/A,49,33,33,33,33,39,C,D,-,-,-,16,10,0,0,0,X FP Restored/Kill,,
Stormhawk Axe,Axe,Standard,,Thunderstorm,19(- 12),5.5,318,0,0,0,0,318,N/A,100,N/A,49,33,33,33,33,33,C,D,-,-,-,19,15,0,0,0,,,
Warped Axe,Axe,Standard,,War Cry,16,7.5,289,0,0,0,0,289,N/A,100,N/A,56,37,37,37,37,51,B,-,-,-,-,24,0,0,0,0,,,
Hand Ballista,Ballista,None,,Kick,-,10,600,0,0,0,0,600,N/A,100,50,-,-,-,-,-,-,-,-,-,-,-,30,14,0,0,0,,,
Jar Cannon,Ballista,None,,Kick,-,15,672,0,0,0,0,672,N/A,100,50,-,-,-,-,-,-,-,-,-,-,-,34,12,0,0,0,,,
Albinauric Bow,Bow,None,,Mighty Shot,-(6 6),4.5,200,0,0,0,0,200,N/A,100,50,-,-,-,-,-,-,E,D,-,-,-,7,18,0,0,0,,,
Black Bow,Bow,None,,Barrage,-(2 2),4,171,0,0,0,0,171,N/A,100,50,-,-,-,-,-,-,D,D,-,-,-,9,20,0,0,0,,,
Erdtree Bow,Bow,None,,Mighty Shot,-(6 6),3.5,98,0,0,0,122,220,N/A,100,50,-,-,-,-,-,-,E,D,-,D,-,8,12,0,14,0,,,Use with Holy Arrows
Horn Bow,Bow,None,,Mighty Shot,-(6 6),4.5,159,73,0,0,0,232,N/A,100,50,-,-,-,-,-,-,D,D,E,-,-,10,14,12,0,0,,,Use with Magic Arrows
Longbow,Bow,None,,Mighty Shot,-(6 6),4,196,0,0,0,0,196,N/A,100,50,-,-,-,-,-,-,D,D,-,-,-,9,14,0,0,0,,,
Pulley Bow,Bow,None,,Mighty Shot,-(6 6),5,188,0,0,0,0,188,N/A,100,55,-,-,-,-,-,-,D,D,-,-,-,11,11,0,0,0,,,
Serpent Bow,Bow,None,,Mighty Shot,-(6 6),3.5,183,105,0,0,0,288,N/A,100,50,-,-,-,-,-,-,D,D,-,-,D,8,15,0,0,11,,,Use with Poison Arrows
Venomous Fang,Claw,Slash,Pierce,Quickstep,3,2.5,225,0,0,0,0,225,N/A,100,N/A,36,21,21,21,21,25,D,C,-,-,-,9,9,0,0,0,Poison (72),,Two-Handing = Dual Wielding
Godslayer's Greatsword,Colossal Sword,Standard,,The Queen's Black Flame,15(- 15),17.5,291,0,188,0,0,479,N/A,100,N/A,82,56,50,50,50,56,D,B,-,C,-,20,22,0,20,0,,,
Grafted Blade Greatsword,Colossal Sword,Standard,,Oath of Vengeance,20,21,396,0,0,0,0,396,N/A,100,N/A,80,48,48,48,48,53,B,D,-,-,-,40,14,0,0,0,,,"Increase all stats by X, and Poise by Y"
Greatsword,Colossal Sword,Standard,,Stamp (Upward Cut),5(- 8),23,401,0,0,0,0,401,N/A,100,N/A,84,50,50,50,50,67,B,D,-,-,-,31,12,0,0,0,,,
Maliketh's Black Blade,Colossal Sword,Standard,,Destined Death,40,22,311,0,0,0,200,511,N/A,100,N/A,68,36,36,36,49,55,B,D,-,B,-,34,12,0,20,0,,,
Royal Greatsword,Colossal Sword,Standard,,Wolf's Assault,20,20,274,328,0,0,0,602,N/A,100,N/A,71,63,44,44,44,52,C,D,C,-,-,26,18,22,0,0,,,Frost (X) when active
Ruins Greatsword,Colossal Sword,Standard,,Wave of Destruction,25,23,303,90,0,0,0,393,N/A,100,N/A,82,56,50,50,50,61,S,-,D,-,-,50,0,16,0,0,,,
Starscourge Greatsword,Colossal Sword,Standard,,Starcaller Cry,20(- 20),20,316,203,0,0,0,519,N/A,100,N/A,65,47,34,34,34,52,B,D,D,-,-,38,12,15,0,0,,,Two-Handing = Sual Wielding
Troll Knight's Sword,Colossal Sword,Standard,,Troll's Roar,22,18,303,196,0,0,0,499,N/A,100,N/A,70,55,43,43,43,50,C,C,D,-,-,20,14,18,0,0,,,
Troll's Golden Sword,Colossal Sword,Standard,,Troll's Roar,22,19,379,0,0,0,0,379,N/A,100,N/A,76,46,46,46,46,61,C,D,-,-,-,29,10,0,0,0,,,
Watchdog's Greatsword,Colossal Sword,Standard,,Stamp (Upward Cut),5(- 8),22,347,0,0,0,0,347,N/A,100,N/A,82,49,49,49,49,66,B,E,-,-,-,30,10,0,0,0,,,
Zweihander,Colossal Sword,Standard,,Stamp (Upward Cut),5(- 8),15.5,345,0,0,0,0,345,N/A,100,N/A,67,40,40,40,40,54,D,C,-,-,-,19,11,0,0,0,,,
Axe of Godfrey,Colossal Weapon,Standard,,Regal Roar,25,18,404,0,0,0,0,404,N/A,100,N/A,75,45,45,45,45,50,C,D,-,-,-,42,14,0,0,0,,,
Dragon Greatclaw,Colossal Weapon,Standard,,Endure,9,16,294,0,0,191,0,485,N/A,100,N/A,66,40,40,52,40,47,C,D,-,-,-,30,14,0,0,0,,,
Duelist Greataxe,Colossal Weapon,Standard,,Endure,9,20,416,0,0,0,0,416,N/A,100,N/A,78,47,47,47,47,62,D,C,-,-,-,30,10,0,0,0,,,Charge atk = ferocious
Envoy's Greathorn,Colossal Weapon,Strike,,Great Oracular Bubble,16,19.5,296,0,0,0,191,487,N/A,100,N/A,70,43,43,43,55,50,C,C,-,D,-,28,12,0,24,0,,,
Fallingstar Beastjaw,Colossal Weapon,Strike,Pierce,Gravity Bolt,13(- 13),21.5,320,208,0,0,0,528,N/A,100,N/A,70,55,43,43,43,50,C,C,D,-,-,34,12,20,0,0,,,
Ghiza's Wheel,Colossal Weapon,Standard,,Spinning Wheel,3,19,382,0,0,0,0,382,N/A,100,N/A,73,43,43,43,43,48,C,C,-,-,-,28,18,0,0,0,Blood Loss (70),,
Giant-Crusher,Colossal Weapon,Strike,,Strike,9,26.5,379,0,0,0,0,379,N/A,100,N/A,88,52,52,52,52,69,B,-,-,-,-,60,0,0,0,0,,,
Golem's Halberd,Colossal Weapon,Standard,Pierce,Charge Forth,16,21.5,387,0,0,0,0,387,N/A,100,N/A,75,45,45,45,45,60,C,D,-,-,-,36,14,0,0,0,,,
Great Club,Colossal Weapon,Strike,,Golden Land,16(- 5),17,377,0,0,0,0,377,N/A,100,N/A,71,42,42,42,42,56,B,-,-,-,-,35,0,0,0,0,,,
Prelate's Inferno Crozier,Colossal Weapon,Strike,,Prelate's Charge,7(- 7),23.5,382,0,0,0,0,382,N/A,100,N/A,82,49,49,49,49,66,B,E,-,-,-,45,8,0,0,0,,,Strong atks knock foe into air
Rotten Greataxe,Colossal Weapon,Standard,,Endure,9,20,396,0,0,0,0,396,N/A,100,N/A,78,47,47,47,47,62,D,C,-,-,-,30,10,0,0,0,Scarlet Rot (65),,
Rotten Staff,Colossal Weapon,Strike,,Erdtree Slam,19,18,404,0,0,0,0,404,N/A,100,N/A,75,45,45,45,45,50,B,D,-,-,-,34,8,0,0,0,Scarlet Rot (75),,
Staff of the Avatar,Colossal Weapon,Strike,,Erdtree Slam,19,20,276,0,0,0,178,454,N/A,100,N/A,73,45,45,45,57,52,A,D,-,B,-,34,8,0,24,0,,,
Troll's Hammer,Colossal Weapon,Strike,,Troll's Roar,22,16,374,0,110,0,0,484,N/A,100,N/A,66,41,46,41,41,55,B,E,-,D,-,28,8,0,10,0,,,
Watchdog Staff,Colossal Weapon,Strike,,Sorcery of the Crozier,15,19,404,0,0,0,0,404,N/A,100,N/A,75,45,45,45,45,50,C,D,-,-,-,34,10,0,0,0,,,
Arbalest,Crossbow,None,,Kick,-,6,308,0,0,0,0,308,N/A,100,42,-,-,-,-,-,-,-,-,-,-,-,18,12,0,0,0,,,
Crepus's Black-Key Crossbow,Crossbow,None,,Kick,-,5,238,0,0,0,0,238,N/A,100,47,-,-,-,-,-,-,-,-,-,-,-,14,16,0,0,0,,,
Full Moon Crossbow,Crossbow,None,,Kick,-,4,175,175,0,0,0,350,N/A,100,42,-,-,-,-,-,-,-,-,-,-,-,10,10,14,0,0,,,Use with Holy-Infused bolts
Heavy Crossbow,Crossbow,None,,Kick,-,5.5,288,0,0,0,0,288,N/A,100,42,-,-,-,-,-,-,-,-,-,-,-,14,10,0,0,0,,,
Light Crossbow,Crossbow,None,,Kick,-,4,260,0,0,0,0,260,N/A,100,42,-,-,-,-,-,-,-,-,-,-,-,12,8,0,0,0,,,
Pulley Crossbow,Crossbow,None,,Kick,-,4,146,0,0,0,0,146,N/A,100,42,-,-,-,-,-,-,-,-,-,-,-,16,16,0,0,0,,,Fires volley of X bolts
Soldier's Crossbow,Crossbow,None,,Kick,-,3.5,240,0,0,0,0,240,N/A,100,42,-,-,-,-,-,-,-,-,-,-,-,10,8,0,0,0,,,
Beastman's Cleaver,Curved Great Sword,Slash,,Spinning Slash,6(- 12),16.5,350,0,0,0,0,350,N/A,100,N/A,62,43,43,43,43,51,B,-,-,-,-,25,14,0,0,0,,,
Bloodhound's Fang,Curved Great Sword,Slash,,Bloodhound's Finesse,8(- 12),11.5,345,0,0,0,0,345,N/A,100,N/A,52,36,36,36,39,36,C,B,-,-,-,18,17,0,0,0,Blood Loss (55),,
Dismounter,Curved Great Sword,Slash,,Spinning Slash,6(- 12),10,338,0,0,0,0,338,N/A,100,N/A,50,35,35,35,35,42,C,D,-,-,-,19,16,0,0,0,,,
Magma Wyrm's Scalesword,Curved Great Sword,Slash,,Magma Guillotine,20(- 10),15,279,0,181,0,0,460,N/A,100,N/A,48,33,48,33,33,42,B,D,-,B,-,24,15,0,18,0,,,
Monk's Flame Blade,Curved Great Sword,Slash,,Spinning Slash,6(- 12),9,328,0,0,0,0,328,N/A,100,N/A,47,33,33,33,33,39,D,C,-,-,-,18,18,0,0,0,,,
Omen Cleaver,Curved Great Sword,Slash,,Spinning Slash,6(- 12),11.5,347,0,0,0,0,347,N/A,100,N/A,52,36,36,36,36,43,C,C,-,-,-,19,16,0,0,0,,,
Onyx Lord's Great Sword,Curved Great Sword,Slash,,Onyx Lord's Repulsion,27,11.5,289,186,0,0,0,475,N/A,100,N/A,42,42,29,29,29,36,B,E,B,-,-,20,16,16,0,0,,,
Zamor Curved Sword,Curved Great Sword,Slash,,Zamor Ice Storm,15,9,306,0,0,0,0,306,N/A,100,N/A,47,33,33,33,33,33,C,B,-,-,-,16,18,0,0,0,Frost (65),,
Bandit's Curved Sword,Curved Sword,Slash,,Spinning Slash,6(- 12),5,289,0,0,0,0,289,N/A,100,N/A,48,36,36,36,36,36,D,C,-,-,-,11,13,0,0,0,,,
Beastman's Curved Sword,Curved Sword,Slash,,Spinning Slash,6(- 12),4,276,0,0,0,0,276,N/A,100,N/A,44,33,33,33,33,32,B,D,-,-,-,13,11,0,0,0,,,
Eclipse Shotel,Curved Sword,Slash,,Death Flare,16(- 16),3,188,0,0,0,188,376,N/A,100,N/A,35,25,25,25,50,25,D,C,-,C,-,10,25,0,30,0,,,
Falchion,Curved Sword,Slash,,Spinning Slash,6(- 12),3.5,267,0,0,0,0,267,N/A,100,N/A,42,31,31,31,31,31,C,C,-,-,-,9,13,0,0,0,,,
Flowing Curved Sword,Curved Sword,Slash,,Spinning Slash,6(- 12),3.5,267,0,0,0,0,267,N/A,100,N/A,42,31,31,31,31,31,D,C,-,-,-,9,17,0,0,0,,,
Grossmesser,Curved Sword,Slash,,Spinning Slash,6(- 12),4.5,281,0,0,0,0,281,N/A,100,N/A,46,34,34,34,34,34,C,D,-,-,-,14,12,0,0,0,,,
Magma Blade,Curved Sword,Slash,,Magma Shower,12(- 12),4,235,0,151,0,0,386,N/A,100,N/A,44,30,44,30,30,27,C,D,-,C,-,9,15,0,16,0,,,
Mantis Blade,Curved Sword,Slash,,Spinning Slash,6(- 12),4,274,0,0,0,0,274,N/A,100,N/A,44,33,33,33,33,32,D,C,-,-,-,10,12,0,0,0,,,
Nox Flowing Sword,Curved Sword,Slash,,Flowing Form,9,3.5,274,0,0,0,0,274,N/A,100,N/A,40,30,30,30,30,25,D,B,-,-,-,8,15,0,0,0,,,
Scavenger's Curved Sword,Curved Sword,Slash,,Spinning Slash,6(- 12),3.5,257,0,0,0,0,257,N/A,100,N/A,40,30,30,30,30,30,C,C,-,-,-,9,14,0,0,0,Blood Loss (45),,
Scimitar,Curved Sword,Slash,,Spinning Slash,6(- 12),3,259,0,0,0,0,259,N/A,100,N/A,40,30,30,30,30,30,D,C,-,-,-,7,13,0,0,0,,,
Serpent-God's Curved Sword,Curved Sword,Slash,,Spinning Slash,6(- 12),4,276,0,0,0,0,276,N/A,100,N/A,44,33,33,33,33,32,C,D,-,-,-,13,9,0,0,0,Restore X HP/Kill,,
Shamshir,Curved Sword,Slash,,Spinning Slash,6(- 12),3.5,264,0,0,0,0,264,N/A,100,N/A,42,31,31,31,31,31,D,C,-,-,-,7,13,0,0,0,,,
Shotel,Curved Sword,Slash,,Spinning Slash,6(- 12),2,235,0,0,0,0,235,N/A,100,N/A,37,27,27,27,27,27,D,C,-,-,-,9,19,0,0,0,X% Guard Bypass,,
Wing of Astel,Curved Sword,Slash,,Nebula,25,2.5,159,191,0,0,0,350,N/A,100,N/A,28,52,23,23,23,23,E,B,C,-,-,7,17,20,0,0,,,
Celebrant's Sickle,Dagger,Slash,Pierce,Quickstep,3,1.5,193,0,0,0,0,193,N/A,100,N/A,35,20,20,20,20,18,E,B,-,-,-,6,11,0,0,0,Grants X Runes/Hit ; Y sec CD,X% Guard Bypass,
Cinquedea,Dagger,Slash,Pierce,Quickstep,3,3.5,240,0,0,0,0,240,N/A,100,N/A,43,25,25,25,25,18,B,D,-,-,-,10,10,0,0,0,Enhance Beastial Incantations (),,
Crystal Knife,Dagger,Slash,Pierce,Quickstep,3,2,200,129,0,0,0,329,N/A,100,N/A,32,31,18,18,18,18,C,D,B,-,-,8,12,9,0,0,,,
Ivory Sickle,Dagger,Slash,Pierce,Quickstep,3,2,147,147,0,0,0,294,N/A,100,N/A,26,42,15,15,15,18,D,C,C,-,-,6,11,13,0,0,,,
Wakizashi,Dagger,Slash,Pierce,Quickstep,3,3,230,0,0,0,0,230,N/A,100,N/A,42,24,24,24,24,21,D,C,-,-,-,9,13,0,0,0,Blood Loss (38),,
Caestus,Fist,Strike,,Endure,9,1.5,220,0,0,0,0,220,N/A,100,N/A,35,20,20,20,20,24,C,C,-,-,-,8,8,0,0,0,,,
Cipher Pata,Fist,Slash,Pierce,Unblockable Blade,17,0,0,0,0,0,208,208,N/A,100,N/A,9,14,14,14,61,19,-,-,-,A,-,0,0,0,30,0,,,
Clinging Bone,Fist,Slash,Pierce,Lifesteal Fist,14,3,196,58,0,0,0,254,N/A,100,N/A,31,36,17,17,17,21,E,B,-,-,C,8,22,0,0,16,,,
Grafted Dragon,Fist,Strike,,Bear Witness!,20,2.5,218,0,139,0,0,357,N/A,100,N/A,27,18,44,18,18,22,C,D,-,D,-,20,14,0,16,0,,,
Iron Ball,Fist,Strike,,Endure,9,2.5,247,0,0,0,0,247,N/A,100,N/A,38,22,22,22,22,26,C,D,-,-,-,11,8,0,0,0,,,
Spiked Caestus,Fist,Strike,,Endure,9,2,222,0,0,0,0,222,N/A,100,N/A,35,20,20,20,20,24,C,C,-,-,-,8,10,0,0,0,Blood Loss (45),,
Star Fist,Fist,Strike,,Endure,9,3,257,0,0,0,0,257,N/A,100,N/A,41,23,23,23,23,27,C,D,-,-,-,12,8,0,0,0,Blood Loss (45),,
Veteran's Prosthsis,Fist,Slash,Pierce,Storm Kick,10(15 -),4,203,0,0,129,0,332,N/A,100,N/A,30,20,20,48,20,24,C,D,-,-,-,15,12,0,0,0,,,
Bastard's Stars,Flail,Strike,,Nebula,25,5.5,159,191,0,0,0,350,N/A,100,N/A,32,48,24,24,24,20,E,C,B,-,-,8,22,22,0,0,,Cannot be parried?,
Chainlink Flail,Flail,Strike,,Spinning Chain,8(8 10),8,267,0,0,0,0,267,N/A,100,N/A,43,28,28,28,28,28,B,E,-,-,-,18,12,0,0,0,Blood Loss (50),Cannot be parried?,
Family Heads,Flail,Strike,,Familial Rancor,25,5.5,213,137,0,0,0,350,N/A,100,N/A,37,36,26,26,26,20,D,B,D,-,-,8,18,16,0,0,,Cannot be parried?,
Flail,Flail,Strike,,Spinning Chain,8(8 10),5,267,0,0,0,0,267,N/A,100,N/A,36,24,24,24,24,24,D,C,-,-,-,10,18,0,0,0,Blood Loss (50),Cannot be parried,
Nightrider Flail,Flail,Strike,,Spinning Chain,8(8 10),6,274,0,0,0,0,274,N/A,100,N/A,37,25,25,25,25,25,D,B,-,-,-,10,24,0,0,0,Blood Loss (50),Cannot be parried?,
Academy Glintstone Staff,Glintstone Staff,Strike,,No Skill,-,3,43,0,0,0,0,43,345,100,N/A,25,15,15,15,15,15,D,-,S,-,-,6,0,28,0,0,,,
Albinauric Staff,Glintstone Staff,Strike,,No Skill,-,2.5,29,0,0,0,0,29,373,100,N/A,23,14,14,14,14,14,D,-,B,-,S,6,0,10,0,12,,,
Astrologer's Staff,Glintstone Staff,Strike,,No Skill,-,3,43,0,0,0,0,43,340,100,N/A,25,15,15,15,15,15,D,-,S,-,-,7,0,16,0,0,,,
Azur's Glintstone Staff,Glintstone Staff,Strike,,No Skill,-,4,58,0,0,0,0,58,362,100,N/A,25,15,15,15,15,15,C,-,S,-,-,10,0,52,0,0,"-X% cast time, +X% FP cost",,
Carian Glintblade Staff,Glintstone Staff,Strike,,No Skill,-,2.5,38,0,0,0,0,38,337,100,N/A,23,14,14,14,14,14,D,D,S,-,-,6,12,22,0,0,+X% Glintblade sorcery,,
Carian Glintstone Staff,Glintstone Staff,Strike,,No Skill,-,3,43,0,0,0,0,43,329,100,N/A,25,15,15,15,15,15,D,-,S,-,-,6,8,24,0,0,+X% Carian Sword sorcery,,
Carian Regal Scepter,Glintstone Staff,Strike,,Spinning Weapon,20,3,58,0,0,0,0,58,373,100,N/A,25,15,15,15,15,15,D,D,S,-,-,8,10,60,0,0,+X% Full Mooon sorcery,,
Crystal Staff,Glintstone Staff,Strike,,No Skill,-,4.5,75,0,0,0,0,75,367,100,N/A,28,17,17,17,17,17,C,-,S,-,-,8,0,48,0,0,+X% Crystallian sorcery,,
Demi-Human Queen's Staff,Glintstone Staff,Strike,,No Skill,-,3,54,0,0,0,0,54,291,100,N/A,25,15,15,15,15,15,C,-,S,-,-,6,0,10,0,0,,,
Digger's Staff,Glintstone Staff,Strike,,No Skill,-,4.5,66,0,0,0,0,66,305,100,N/A,28,17,17,17,17,17,C,-,S,-,-,8,12,0,0,0,+X% Stonedigger sorcery,,
Gelmir Glintstone Staff,Glintstone Staff,Strike,,No Skill,-,2.5,50,0,0,0,0,50,318,100,N/A,23,14,14,14,14,14,D,-,B,B,-,6,0,14,14,0,+X% Lava sorcery,,
Glintstone Staff,Glintstone Staff,Strike,,No Skill,-,3,43,0,0,0,0,43,329,100,N/A,25,15,15,15,15,15,D,-,S,-,-,6,0,10,0,0,,,
Lusat's Glintstone Staff,Glintstone Staff,Strike,,No Skill,-,4,58,0,0,0,0,58,413,100,N/A,25,15,15,15,15,15,C,-,S,-,-,10,0,52,0,0,"+X% spell power, +X% FP cost",,
Meteoric Staff,Glintstone Staff,Strike,,No Skill,-,4.5,39,0,0,0,0,39,272,100,N/A,28,17,17,17,17,17,D,-,S,-,-,6,0,18,0,0,+X% Gravity sorcery,,cannot be upgraded
Prince of Death's Staff,Glintstone Staff,Strike,,No Skill,-,3,43,0,0,0,0,43,430,100,N/A,25,15,15,15,15,15,D,-,A,A,-,6,0,18,18,0,+X% Death sorcery,,
Rotten Crystal Staff,Glintstone Staff,Strike,,No Skill,-,4.5,96,0,0,0,0,96,365,100,N/A,28,17,17,17,17,17,C,-,S,-,-,28,17,17,17,17,+X% Crystallian sorcery,Bscarlet Rot (50),
Staff of Loss,Glintstone Staff,Strike,,No Skill,-,2.5,38,0,0,0,0,38,339,100,N/A,23,14,14,14,14,14,D,D,S,-,-,6,12,14,0,0,+X% Invisibility sorcery,,
Staff of the Guilty,Glintstone Staff,Strike,,No Skill,-,4.5,66,0,0,0,0,66,305,100,N/A,28,17,17,17,17,17,C,-,-,S,-,8,0,0,12,0,+X% Thorn sorcery,Blood Loss (45),
Battle Hammer,Great Hammer,Strike,,Braggart's Roar,16,10,320,0,0,0,0,320,N/A,100,N/A,52,36,36,36,36,43,B,E,-,-,-,26,8,0,0,0,,,
Beastclaw Greathammer,Great Hammer,Strike,,Regal Beastclaw,20,9,284,0,0,0,183,467,N/A,100,N/A,47,33,33,33,45,35,C,C,-,D,-,20,10,18,0,0,,,
Brick Hammer,Great Hammer,Strike,,Barbaric Roar,16,12.5,298,0,0,0,0,298,N/A,100,N/A,57,40,40,40,40,48,A,-,-,-,-,31,0,0,0,0,,,
Celebrant's Skull,Great Hammer,Strike,,Barbaric Roar,16,8.5,338,0,0,0,0,338,N/A,100,N/A,48,34,34,34,34,40,C,C,-,-,-,18,12,0,0,0,+X Runes/Hit,,
Cranial Vessel Candlestand,Great Hammer,Strike,,Surge of Faith,15(- 15),12.5,240,0,240,0,0,480,N/A,100,N/A,54,37,51,37,37,40,B,D,-,B,-,26,8,0,22,0,,,
Curved Great Club,Great Hammer,Strike,,Barbaric Roar,16,10,355,0,0,0,0,355,N/A,100,N/A,52,36,36,36,36,43,C,D,-,-,-,24,10,0,0,0,,,
Devourer's Scepter,Great Hammer,Strike,,Devourer of Worlds,35,11.5,262,0,169,0,0,431,N/A,100,N/A,47,33,45,33,33,35,C,C,-,C,-,24,20,0,25,0,,,
Envoy's Long Horn,Great Hammer,Strike,,Bubble Shower,12,9.5,294,0,0,0,191,485,N/A,100,N/A,44,31,31,31,42,33,C,D,-,B,-,23,11,0,18,0,,,
Great Mace,Great Hammer,Strike,,Endure,9,11.5,328,0,0,0,0,328,N/A,100,N/A,55,38,38,38,38,45,B,-,-,-,-,28,0,0,0,0,,,
Great Stars,Great Hammer,Strike,,Endure,9,10,330,0,0,0,0,330,N/A,100,N/A,52,36,36,36,36,43,C,D,-,-,-,22,12,0,0,0,Blood Loss (55),X HP Regen/Hit,
Greathorn Hammer,Great Hammer,Strike,,Barbaric Roar,16,10,328,0,0,0,0,328,N/A,100,N/A,50,35,35,35,35,42,C,D,-,-,-,22,10,0,0,0,X HP Regen/Kill,,
Large Club,Great Hammer,Strike,,Barbaric Roar,16,8.5,320,0,0,0,0,320,N/A,100,N/A,46,32,32,32,32,38,B,-,-,-,-,22,0,0,0,0,,,
Pickaxe,Great Hammer,Pierce,,Endure,9,10,352,0,0,0,0,352,N/A,100,N/A,52,36,36,36,36,43,C,D,-,-,-,22,10,0,0,0,,,
Rotten Battle Hammer,Great Hammer,Strike,,Braggart's Roar,16,10,308,0,0,0,0,308,N/A,100,N/A,52,36,36,36,36,43,B,D,-,-,-,26,8,0,0,0,Scarlet Rot (65),,
Lance,Great Spear,Pierce,,Charge Forth,16,9,301,0,0,0,0,301,N/A,100,N/A,52,36,36,36,36,43,C,C,-,-,-,20,14,0,0,0,,,
Mohgwyn's Sacred Spear,Great Spear,Pierce,,Bloodboon Ritual,20(- 20),10,235,0,151,0,0,386,N/A,100,N/A,51,36,49,36,36,38,C,D,-,-,C,24,14,0,0,27,Blood Loss (33),,
Serpent-Hunter,Great Spear,Pierce,,Great-Serpent Hunt,10(- 20),12,271,0,0,0,0,271,N/A,100,N/A,60,42,42,42,42,42,A,E,-,-,-,0,0,0,0,0,,,
Siluria's Tree,Great Spear,Pierce,,Siluria's Woe,25,10,220,0,0,0,220,440,N/A,100,N/A,46,36,36,36,55,38,B,D,-,C,-,27,13,0,20,0,,,
Treespear,Great Spear,Pierce,,Sacred Order,18,9.5,298,0,0,0,193,491,N/A,100,N/A,50,35,35,35,48,44,D,C,-,D,-,15,22,0,18,0,,,
Vyke's War Spear,Great Spear,Pierce,,Frenzyflame Thrust,22,8,252,0,161,0,0,413,N/A,100,N/A,47,33,45,33,33,35,D,B,-,C,-,16,20,0,18,0,Madness (65),,
Alabaster Lord's Sword,Great Sword,Standard,Pierce,Alabaster Lord's Pull,15,8,313,93,0,0,0,406,N/A,100,N/A,41,33,27,27,27,33,B,D,D,-,-,16,12,18,0,0,,,
Banished Knight's Greatsword,Great Sword,Standard,Pierce,Stamp (Upward Cut),5(- 8),10,347,0,0,0,0,347,N/A,100,N/A,52,36,36,36,36,36,C,D,-,-,-,17,9,0,0,0,,,
Bastard Sword,Great Sword,Standard,Pierce,Stamp (Upward Cut),5(- 8),9,338,0,0,0,0,338,N/A,100,N/A,50,35,35,35,35,42,C,D,-,-,-,16,10,0,0,0,,,
Blasphemous Blade,Great Sword,Standard,Pierce,Taker's Flames,30,13.5,296,191,0,0,0,487,N/A,100,N/A,56,39,54,39,39,42,C,C,-,B,-,22,15,0,21,0,X HP Regen/Kill,,
Claymore,Great Sword,Standard,Pierce,Lion's Claw,20,9,338,0,0,0,0,338,N/A,100,N/A,50,35,35,35,35,42,C,D,-,-,-,16,13,0,0,0,,,
Dark Moon Greatsword,Great Sword,Standard,Pierce,Moonlight Greatsword,40,10,200,240,0,0,0,440,N/A,100,N/A,42,63,31,31,31,36,D,D,B,-,-,16,11,38,0,0,Frost (55),,
Death's Poker,Great Sword,Standard,Pierce,Ghostflame Ignition,15(10 10),8.5,301,88,0,0,0,389,N/A,100,N/A,46,39,33,33,33,33,C,B,D,-,-,15,17,11,0,0,Frost (65),,
Flamberge,Great Sword,Standard,Pierce,Stamp (Upward Cut),5(- 8),10,316,0,0,0,0,316,N/A,100,N/A,50,35,35,35,35,42,D,B,-,-,-,15,14,0,0,0,Blood Loss (55),,
Forked Greatsword,Great Sword,Standard,Pierce,Stamp (Upward Cut),5(- 8),9,303,0,0,0,0,303,N/A,100,N/A,47,33,33,33,33,39,D,C,-,-,-,14,16,0,0,0,Blood Loss (55),,
Gargoyle's Blackblade,Great Sword,Standard,Pierce,Corpse Wax Cutter,20,11.5,249,0,0,0,298,547,N/A,100,N/A,44,33,33,33,66,38,C,D,-,D,-,18,10,0,22,0,,,
Gargoyle's Greatsword,Great Sword,Standard,Pierce,Vacuum Slice,18,11.5,325,0,0,0,0,325,N/A,100,N/A,55,38,38,38,38,45,B,E,-,-,-,18,10,0,0,0,,,
Golden Order Greatsword,Great Sword,Standard,Pierce,Establish Order,20(- 20),10,210,0,0,0,252,462,N/A,100,N/A,40,30,30,30,60,35,E,D,-,B,-,16,21,0,28,0,,,
Helphen's Steeple,Great Sword,Standard,Pierce,Ruinous Ghostflame,20,11.5,247,247,0,0,0,494,N/A,100,N/A,49,60,33,33,33,38,C,E,B,-,-,19,10,22,0,0,,,
Inseperable Sword,Great Sword,Standard,Pierce,Sacred Blade,19,10,240,0,0,0,240,480,N/A,100,N/A,44,34,34,34,52,36,D,D,-,B,-,18,18,0,20,0,,,
Iron Greatsword,Great Sword,Standard,Pierce,Stamp (Upward Cut),5(- 8),12,365,0,0,0,0,365,N/A,100,N/A,56,39,39,39,39,46,B ,E,-,-,-,18,10,0,0,0,,,
Knight's Greatsword,Great Sword,Standard,Pierce,Stamp (Upward Cut),5(- 8),10,345,0,0,0,0,345,N/A,100,N/A,52,36,36,36,36,43,D,C,-,-,-,16,12,0,0,0,,,
Lordsworn's Greatsword,Great Sword,Standard,Pierce,Stamp (Upward Cut),5(- 8),9,333,0,0,0,0,333,N/A,100,N/A,50,35,35,35,35,42,C,D,-,-,-,16,10,0,0,0,,,
Marais Executioner's Sword,Great Sword,Standard,Pierce,Eochaid's Dancing Blade,15,11.5,230,149,0,0,0,379,N/A,100,N/A,51,49,36,36,36,38,B,E,-,-,D,24,14,0,0,23,,,
Ordovis's Greatsword,Great Sword,Standard,Pierce,Ordovis's Vortex,15,12,262,0,0,0,169,431,N/A,100,N/A,52,37,37,37,50,39,A,E,-,C,-,25,13,0,15,0,,,
Sword of Milos,Great Sword,Standard,Pierce,Shriek of Milos,30,10,345,0,0,0,0,345,N/A,100,N/A,52,36,36,36,36,36,C,C,-,-,-,15,19,0,0,0,Blood Loss (55),,
Axe of Godrick,Greataxe,Standard,,"I Command Thee, Kneel",15(- 15),11,347,0,0,0,0,347,N/A,100,N/A,50,35,35,35,35,35,C,C,-,-,-,34,22,0,0,0,,,
Butchering Knife,Greataxe,Standard,,Barbaric Roar,16,8.5,328,0,0,0,0,328,N/A,100,N/A,45,31,31,31,31,37,E,B,-,-,-,16,20,0,0,0,X HP Lifesteal,,
Crescent Moon Axe,Greataxe,Standard,,War Cry,16,12.5,357,0,0,0,0,357,N/A,100,N/A,52,36,36,36,36,43,D,C,-,-,-,25,15,0,0,0,,,
Gargoyle's Black Axe,Greataxe,Standard,,War Cry,16,8.5,245,0,0,0,294,539,N/A,100,N/A,36,27,27,27,54,31,C,E,-,D,-,24,8,0,22,0,,,
Gargoyle's Great Axe,Greataxe,Standard,,War Cry,16,8.5,301,0,0,0,0,301,N/A,100,N/A,45,31,31,31,31,37,B,E,-,-,-,24,8,0,0,0,,,
Great Omenkiller Cleaver,Greataxe,Standard,,Wild Strikes,2(10 15),11,347,0,0,0,0,347,N/A,100,N/A,47,33,33,33,45,42,C,D,-,-,-,23,12,0,0,0,Blood Loss (55),,
Greataxe,Greataxe,Standard,,Barbaric Roar,16,13,369,0,0,0,0,369,N/A,100,N/A,53,37,37,37,37,44,C,D,-,-,-,30,8,0,0,0,,,
Longhaft Axe,Greataxe,Standard,,War Cry,16,12.5,357,0,0,0,0,357,N/A,100,N/A,52,36,36,36,36,43,C,D,-,-,-,24,8,0,0,0,,,
Rusted Anchor,Greataxe,Pierce,,Barbaric Roar,16,12.5,360,0,0,0,0,360,N/A,100,N/A,52,36,36,36,36,43,B,E,-,-,-,26,9,0,0,0,,,
Winged Greathorn,Greataxe,Standard,,Soul Stifler,12,11,318,0,0,0,0,318,N/A,100,N/A,50,35,35,35,35,35,C,C,-,-,-,30,20,0,0,0,,,
Erdtree Greatbow,Greatbow,None,,Through and Through,-(9 9),11,147,0,0,0,159,306,N/A,100,50,-,-,-,-,-,-,D,D,-,D,-,20,14,0,14,0,,,Use with Holy Arrows
Golem Greatbow,Greatbow,None,,Through and Through,-(9 9),14.5,318,0,0,0,0,318,N/A,100,50,-,-,-,-,-,-,C,D,-,-,-,24,18,0,0,0,,,
Greatbow,Greatbow,None,,Through and Through,-(9 9),10,306,0,0,0,0,306,N/A,100,50,-,-,-,-,-,-,D,D,-,-,-,20,20,0,0,0,,,
Lion Greatbow,Greatbow,None,,Radahn's Rain,-(25 -),9.5,294,0,0,0,0,294,N/A,100,50,-,-,-,-,-,-,D,D,-,-,-,22,18,0,0,0,,,Use with Radahn's Spear for Gravitational Effect
Ant's Skill Plate,Greatshield,Strike,,Shield Bash,10,13.5,262,0,0,0,0,262,N/A,100,N/A,100,57,42,57,57,69,B,-,-,-,-,28,0,0,0,0,Poison (90),+X Immunity,
Briar Greatshield,Greatshield,Strike,,Shield Bash,10,9.5,240,0,0,0,0,240,N/A,100,N/A,93,50,43,50,50,64,B,-,-,-,-,21,0,0,0,0,Blood Loss (70),,
Crossed-Tree Towershield,Greatshield,Strike,,Shield Bash,10,16,271,0,0,0,0,271,N/A,100,N/A,100,56,66,53,66,75,B,-,-,-,-,30,0,0,0,0,,,
Crucible Hornshield,Greatshield,Strike,,Shield Bash,10,11.5,282,0,0,0,0,282,N/A,100,N/A,100,51,50,46,64,66,B,-,-,-,-,26,0,0,0,0,,,
Cuckoo Greatshield,Greatshield,Strike,,No Skill,-,15,269,0,0,0,0,269,N/A,100,N/A,100,70,56,52,60,71,B,-,-,-,-,32,0,0,0,0,,,
Distinguished Greatshield,Greatshield,Strike,,No Skill,-,17,274,0,0,0,0,274,N/A,100,N/A,100,65,63,54,60,76,B,-,-,-,-,32,0,0,0,0,,,
Dragon Towershield,Greatshield,Strike,,Shield Bash,10,17.5,281,0,0,0,0,281,N/A,100,N/A,100,61,67,55,64,77,B,-,-,-,-,30,0,0,0,0,,,
Dragonclaw Shield,Greatshield,Strike,,Shield Bash,10,13.5,227,0,0,147,0,374,N/A,100,N/A,100,52,52,76,47,67,C,D,-,-,-,28,12,0,0,0,,,
Eclipse Crest Greatshield,Greatshield,Strike,,No Skill,-,15,269,0,0,0,0,269,N/A,100,N/A,100,72,57,51,59,75,B,-,-,-,-,32,0,0,0,0,,,Protection from Maliketh's Black Blade?
Erdtree Greatshield,Greatshield,Strike,,Golden Retaliation,4,13.5,230,0,0,0,149,379,N/A,100,N/A,100,66,49,45,76,66,B,-,-,D,-,30,0,0,12,0,,,
Fingerprint Stone Shield,Greatshield,Strike,,Shield Bash,10,29,340,0,0,0,0,340,N/A,100,N/A,100,77,81,79,75,90,B,-,-,-,-,48,0,0,0,0,Madness (70),,
Gilded Greatshield,Greatshield,Strike,,No Skill,-,17.5,281,0,0,0,0,281,N/A,100,N/A,100,60,66,54,65,77,B,-,-,-,-,36,0,0,0,0,,,
Golden Beast Crest Shield,Greatshield,Strike,,No Skill,-,12.5,254,0,0,0,0,254,N/A,100,N/A,100,55,55,48,55,67,B,-,-,-,-,24,0,0,0,0,,,
Haligtree Crest Greatshield,Greatshield,Strike,,No Skill,-,18.5,284,0,0,0,0,284,N/A,100,N/A,100,61,67,55,79,79,B,-,-,-,-,36,0,0,0,0,,,
Icon Shield,Greatshield,Strike,,No Skill,-,11.5,255,0,0,0,0,255,N/A,100,N/A,95,49,45,51,48,64,B,-,-,-,-,22,0,0,0,0,+X HP/Sec Regen,,
Inverted Hawk Towershield,Greatshield,Strike,,Shield Bash,10,16,271,0,0,0,0,271,N/A,100,N/A,100,66,56,54,66,72,B,-,-,-,-,30,0,0,0,0,,,
Jellyfish Shield,Greatshield,Strike,,Contagious Fury,9,8,236,0,0,0,0,236,N/A,100,N/A,100,52,52,40,48,57,B,-,-,-,-,20,14,0,0,0,,,No protection from Piercing Attacks; +X% AP w/ Contagious Fury
Lordsworn's Shield,Greatshield,Strike,,Shield Bash,10,10,242,0,0,0,0,242,N/A,100,N/A,94,51,44,52,52,67,B,-,-,-,-,16,0,0,0,0,,,
Manor Towershield,Greatshield,Strike,,Shield Bash,10,16,271,0,0,0,0,271,N/A,100,N/A,100,66,66,51,56,75,B,-,-,-,-,30,0,0,0,0,,,
One-Eyed Shield,Greatshield,Strike,,Flame Spit,28,20.5,335,0,0,0,0,335,N/A,100,N/A,100,57,69,59,63,73,B,-,-,-,-,36,0,0,0,0,,,
Redmane Greatshield,Greatshield,Strike,,No Skill,-,14,264,0,0,0,0,264,N/A,100,N/A,100,54,70,53,52,72,B,-,-,-,-,30,0,0,0,0,,,
Spiked Palisade Shield,Greatshield,Strike,,Shield Bash,10,11.5,284,0,0,0,0,284,N/A,100,N/A,95,51,45,54,50,66,B,-,-,-,-,20,0,0,0,0,Blood Loss (70),,
Visage Shield,Greatshield,Strike,,Tongues of Fire,5,24,356,0,0,0,0,356,N/A,100,N/A,100,62,81,65,62,82,B,-,-,-,-,44,0,0,0,0,,,
Wooden Greatshield,Greatshield,Strike,,No Skill,-,8,232,0,0,0,0,232,N/A,100,N/A,91,49,41,51,47,62,B,-,-,-,-,14,0,0,0,0,,,
Banished Knight's Halberd,Halberd,Strike,Pierce,Charge Forth,16,8,306,0,0,0,0,306,N/A,100,N/A,50,35,35,35,35,42,C,C,-,-,-,14,12,0,0,0,,,
Commander's Standard,Halberd,Strike,Pierce,Rallying Standard,30,11.5,338,0,0,0,0,338,N/A,100,N/A,58,41,41,41,41,41,B,D,-,-,-,24,14,0,0,0,,,
Dragon Halberd,Halberd,Strike,Pierce,Spinning Slash,17(- 11),10.5,330,0,0,0,0,330,N/A,100,N/A,52,37,37,50,37,39,B,C,-,-,-,22,10,0,0,0,,,
Gargoyle's Black Halberd,Halberd,Strike,Pierce,Spinning Slash,6(- 12),12,252,0,0,0,301,553,N/A,100,N/A,48,36,36,36,72,42,C,D,-,D,-,26,10,0,22,0,,,
Gargoyle's Halberd,Halberd,Strike,Pierce,Spinning Slash,6(- 12),12,320,0,0,0,0,320,N/A,100,N/A,60,42,42,42,42,50,B,E,-,-,-,26,10,0,0,0,,,
Glaive,Halberd,Strike,Pierce,Spinning Slash,6(- 12),10,323,0,0,0,0,323,N/A,100,N/A,55,38,38,38,38,45,C,C,-,-,-,18,15,0,0,0,,,
Golden Halberd,Halberd,Strike,Pierce,Golden Vow,40,13.5,328,0,0,0,213,541,N/A,100,N/A,58,41,41,41,56,43,B,D,-,D,-,30,14,12,0,0,,,
Guardian's Swordspear,Halberd,Strike,Pierce,Spinning Slash,6(- 12),9,340,0,0,0,0,340,N/A,100,N/A,52,36,36,36,36,43,E,B,-,-,-,17,16,0,0,0,,,
Halberd,Halberd,Strike,Pierce,Charge Forth,16,8,306,0,0,0,0,306,N/A,100,N/A,50,35,35,35,35,42,C,D,-,-,-,14,12,0,0,0,,,
Loretta's War Sickle,Halberd,Strike,Pierce,Loretta's Slash,14,10,269,173,0,0,0,442,N/A,100,N/A,51,49,36,36,36,38,C,C,C,-,-,20,15,20,0,0,,,
Lucerne,Halberd,Strike,Pierce,Charge Forth,16,7,296,0,0,0,0,296,N/A,100,N/A,47,33,33,33,33,39,D,B,-,-,-,15,12,0,0,0,,,
Nightrider Glaive,Halberd,Strike,Pierce,Spinning Slash,6(- 12),12,316,0,0,0,0,316,N/A,100,N/A,60,42,42,42,42,50,B,E,-,-,-,26,10,0,0,0,,,
Pest's Glaive,Halberd,Strike,Pierce,Spinning Slash,6(- 12),7,294,0,0,0,0,294,N/A,100,N/A,47,33,33,33,33,39,D,C,-,-,-,13,13,0,0,0,,,
Ripple Crescent Halberd,Halberd,Strike,Pierce,Spinning Slash,6(- 12),8.5,210,0,0,0,0,210,N/A,100,N/A,51,35,35,35,35,42,-,-,-,-,S,12,12,0,0,20,,,
Vulgar Militia Saw,Halberd,Strike,Pierce,Spinning Slash,6(- 12),8,308,0,0,0,0,308,N/A,100,N/A,50,35,35,35,35,42,D,C,-,-,-,15,13,0,0,0,Blood Loss (55),,
Vulgar Militia Shotel,Halberd,Strike,Pierce,Spinning Slash,6(- 12),8,296,0,0,0,0,296,N/A,100,N/A,50,35,35,35,35,42,E,B,-,-,-,14,16,0,0,0,X% Guard Byapass,,
Club,Hammer,Strike,,Barbaric Roar,16,3.5,252,0,0,0,0,252,N/A,100,N/A,41,27,27,27,27,32,B,-,-,-,-,10,0,0,0,0,,,
Curved Club,Hammer,Strike,,Barbaric Roar,16,5,279,0,0,0,0,279,N/A,100,N/A,45,30,30,30,30,36,C,D,-,-,-,11,7,0,0,0,,,
Envoy's Horn,Hammer,Strike,,Oracular Bubble,6(- 6),4,235,0,0,0,151,386,N/A,100,N/A,38,26,26,26,38,28,C,C,-,C,-,10,12,0,16,0,,,
Hammer,Hammer,Strike,,Kick,-,6.5,303,0,0,0,0,303,N/A,100,N/A,51,34,34,34,34,40,C,D,-,-,-,14,7,0,0,0,,,
Mace,Hammer,Strike,,Kick,-,4.5,281,0,0,0,0,281,N/A,100,N/A,45,30,30,30,30,36,C,D,-,-,-,12,7,0,0,0,,,
Marika's Hammer,Hammer,Strike,,Gold Breaker,31,6,247,0,0,0,159,406,N/A,100,N/A,44,30,30,30,44,33,B,D,-,C,-,20,12,0,19,0,,,
Monk's Flame Mace,Hammer,Strike,,Kick,-,6,308,0,0,0,0,308,N/A,100,N/A,49,33,33,33,33,39,D,C,-,-,-,13,13,0,0,0,,,
Morning Star,Hammer,Strike,,Kick,-,5,289,0,0,0,0,289,N/A,100,N/A,47,31,31,31,31,37,C,D,-,-,-,12,8,0,0,0,Blood Loss (55),,
Nox Flowing Hammer,Hammer,Strike,,Silver Scourge,16,6.5,298,0,0,0,0,298,N/A,100,N/A,51,34,34,34,34,34,B,D,-,-,-,17,7,0,0,0,,,
Ringed Finger,Hammer,Strike,,Claw Flick,14,4.5,296,0,0,0,0,296,N/A,100,N/A,38,26,26,26,38,28,B,D,-,-,-,15,9,0,0,0,,,
Scepter of the All-Knowing,Hammer,Strike,Pierce,Knowledge Above All,35,4.5,242,156,0,0,0,398,N/A,100,N/A,36,36,25,25,25,27,D,C,C,-,-,12,18,21,0,0,,,
Spiked Club,Hammer,Strike,,Barbaric Roar,16,5,279,0,0,0,0,279,N/A,100,N/A,45,30,30,30,30,36,C,C,-,-,-,12,7,0,0,0,Blood Loss (50),,
Stone Club,Hammer,Strike,,Kick,-,7,298,0,0,0,0,298,N/A,100,N/A,52,35,35,35,35,42,B,E,-,-,-,16,8,0,0,0,,,
Varre's Bouquet,Hammer,Strike,,Blood Tax,14,2,112,0,0,0,0,112,N/A,100,N/A,38,25,25,25,25,25,E,C,-,-,B,8,16,0,0,24,Blood Loss (39),,
Warpick,Hammer,Strike,,Kick,-,2.5,264,0,0,0,0,264,N/A,100,N/A,40,27,27,27,27,32,D,D,-,-,-,11,9,0,0,0,,,
Bloody Helice,Heavy Thrusting Sword,Strike,Pierce,Dynast's Finesse,5(- 7),8,296,0,0,0,0,296,N/A,100,N/A,57,40,40,40,40,34,E,C,-,-,B,16,19,0,0,17,Blood Loss (33),,
Dragon King's Cragblade,Heavy Thrusting Sword,Strike,Pierce,Thundercloud Form,35,8,225,0,0,144,0,369,N/A,100,N/A,46,32,32,46,32,34,D,B,-,-,-,18,37,0,0,0,,,
Godskin Stitcher,Heavy Thrusting Sword,Strike,Pierce,Impaling Thrust,9,7,311,0,0,0,0,311,N/A,100,N/A,55,38,38,38,38,39,C,C,-,-,-,14,17,0,0,0,,,
Great Epee,Heavy Thrusting Sword,Strike,Pierce,Impaling Thrust,9,6.5,303,0,0,0,0,303,N/A,100,N/A,52,36,36,36,36,37,D,C,-,-,-,15,16,0,0,0,,,
Dragonscale Blade,Katana,Strike,Pierce,Ice Lightning Sword,25,5.5,269,0,0,0,0,269,N/A,100,N/A,35,25,25,50,25,30,D,B,-,-,-,12,20,0,0,0,,,
Hand of Malenia,Katana,Strike,Pierce,Waterfoul Dance,12(- 9),7,286,0,0,0,0,286,N/A,100,N/A,49,33,33,33,33,33,E,B,-,-,-,16,48,0,0,0,Blood Loss (50),,
Meteoric Ore Blade,Katana,Strike,Pierce,Gravitas,13,7.5,274,176,0,0,0,450,N/A,100,N/A,50,45,31,31,31,33,C,D,C,-,-,15,14,18,0,0,Blood Loss (50),,
Moonveil,Katana,Strike,Pierce,Transient Moonlight,-(15 20),6.5,178,213,0,0,0,391,N/A,100,N/A,31,57,26,26,26,31,E,B,B,-,-,12,18,23,0,0,Blood Loss (50),,
Nagakiba,Katana,Strike,Pierce,Unsheathe,-(10 15),7,281,0,0,0,0,281,N/A,100,N/A,49,33,33,33,33,39,D,B,-,-,-,18,22,0,0,0,Blood Loss (45),,
River's of Blood,Katana,Strike,Pierce,Corpse Piler,17(- 9),6.5,186,0,186,0,0,372,N/A,100,N/A,36,26,52,26,26,31,E,B,-,-,D,12,18,0,0,20,Blood Loss (73),,
Serpentbone Blade,Katana,Strike,Pierce,Double Slash,6(- 3),6,294,0,0,0,0,294,N/A,100,N/A,45,30,30,30,30,36,E,B,-,-,-,11,22,0,0,0,Poison (66),,
Uchigatana,Katana,Strike,Pierce,Unsheathe,-(10 15),5.5,281,0,0,0,0,281,N/A,100,N/A,45,30,30,30,30,36,D,C,-,-,-,11,15,0,0,0,Blood Loss (45),,
Composite Bow,Light Bow,Strike,,Mighty Shot,-(6 6),3,159,0,0,0,0,159,N/A,100,29,-,-,-,-,-,-,E,D,-,-,-,15,15,0,0,0,,,
Harp Bow,Light Bow,Strike,,Barrage,-(2 2),2,151,0,0,0,0,151,N/A,100,29,-,-,-,-,-,-,E,D,-,-,-,9,9,0,0,0,,,
Misbegotten Shortbow,Light Bow,Strike,,Barrage,-(2 2),3,166,0,0,0,0,166,N/A,100,25,-,-,-,-,-,-,D,E,-,-,-,16,8,0,0,0,,,
Red Branch Bow,Light Bow,Strike,,Barrage,-(2 2),2.5,159,0,0,0,0,159,N/A,100,29,-,-,-,-,-,-,E,D,-,-,-,8,16,0,0,0,,,
Shortbow,Light Bow,Strike,,Barrage,-(2 2),2.5,159,0,0,0,0,159,N/A,100,29,-,-,-,-,-,-,D,D,-,-,-,8,10,0,0,0,,,
Albinauric Shield,Medium Shield,Strike,,Parry,-,4.5,191,0,0,0,0,191,N/A,100,N/A,100,66,42,23,47,63,C,-,-,-,-,11,0,0,0,0,,,
Banished Knight's Shield,Medium Shield,Strike,,No Skill,-,6,198,0,0,0,0,198,N/A,100,N/A,100,49,57,31,48,68,C,-,-,-,-,14,0,0,0,0,,,
Beast Crest Heater Shield,Medium Shield,Strike,,Parry,-,3.5,188,0,0,0,0,188,N/A,100,N/A,100,50,43,32,42,63,C,-,-,-,-,10,0,0,0,0,,,
Beastman's Jar Shield,Medium Shield,Strike,,No Skill,-,5,173,0,0,0,0,173,N/A,100,N/A,95,30,55,60,55,62,D,-,-,-,-,10,0,0,0,0,,,
Black Leather Shield,Medium Shield,Strike,,No Skill,-,3,183,0,0,0,0,183,N/A,100,N/A,88,45,31,46,47,54,C,-,-,-,-,10,0,0,0,0,,,
Blue Crest Heater Shield,Medium Shield,Strike,,Parry,-,3.5,188,0,0,0,0,188,N/A,100,N/A,100,43,42,32,50,62,C,-,-,-,-,10,0,0,0,0,,,
Blue-Gold Kite Shield,Medium Shield,Strike,,Parry,-,5,196,0,0,0,0,196,N/A,100,N/A,100,47,53,35,45,65,C,-,-,-,-,12,0,0,0,0,,,
Brass Shield,Medium Shield,Strike,,No Skill,-,7,205,0,0,0,0,205,N/A,100,N/A,100,55,59,39,54,69,C,-,-,-,-,16,0,0,0,0,,,
Candletree Wooden Shield,Medium Shield,Strike,,Parry,-,3.5,186,0,0,0,0,186,N/A,100,N/A,88,42,32,50,43,58,C,-,-,-,-,8,0,0,0,0,,,
Carian Knight's Shield,Medium Shield,Strike,,No Skill,-,4.5,154,98,0,0,0,252,N/A,100,N/A,100,71,28,19,54,60,C,-,D,-,-,10,10,15,0,0,,,
Eclipse Crest Heater Shield,Medium Shield,Strike,,No Skill,-,3.5,188,0,0,0,0,188,N/A,100,N/A,100,44,44,37,44,63,C,-,-,-,-,10,0,0,0,0,,,
Flame Crest Wooden Shield,Medium Shield,Strike,,Parry,-,3.5,186,0,0,0,0,186,N/A,100,N/A,89,43,32,42,50,58,C,-,-,-,-,8,0,0,0,0,,,
Great Turtle Shell,Medium Shield,Strike,,Barricade Shield,12,5.5,198,0,0,0,0,198,N/A,100,N/A,87,44,39,43,46,60,C,-,-,-,-,14,0,0,0,0,+X% Stam Recovery Rate,,
Hawk Crest Wooden Shield,Medium Shield,Strike,,Parry,-,3.5,186,0,0,0,0,186,N/A,100,N/A,90,44,32,44,44,55,C,-,-,-,-,8,0,0,0,0,,,
Heater Shield,Medium Shield,Strike,,Parry,-,3.5,188,0,0,0,0,188,N/A,100,N/A,100,43,43,27,43,60,C,-,-,-,-,10,0,0,0,0,,,
Horse Crest Wooden Shield,Medium Shield,Strike,,No Skill,-,3.5,186,0,0,0,0,186,N/A,100,N/A,87,50,32,43,42,58,C,-,-,-,-,8,0,0,0,0,,,
Inverted Hawk Heater Shield,Medium Shield,Strike,,Parry,-,3.5,188,0,0,0,0,188,N/A,100,N/A,100,49,49,34,49,62,C,-,-,-,-,10,0,0,0,0,,,
Kite Shield,Medium Shield,Strike,,No Skill,,4.5,191,0,0,0,0,191,N/A,100,N/A,100,47,47,33,47,63,C,-,-,-,-,12,0,0,0,0,,,
Large Leather Shield,Medium Shield,Strike,,Parry,-,3,183,0,0,0,0,183,N/A,100,N/A,85,49,36,45,45,57,C,-,-,-,-,8,0,0,0,0,,,
Marred Leather Shield,Medium Shield,Strike,,No Skill,-,3,183,0,0,0,0,183,N/A,100,N/A,81,49,36,45,45,57,C,-,-,-,-,8,0,0,0,0,Blood Loss (50),,
Marred Wooden Shield,Medium Shield,Strike,,No Skill,-,4,186,0,0,0,0,186,N/A,100,N/A,86,52,27,50,49,59,C,-,-,-,-,8,0,0,0,0,Blood Loss (50),,
Red Crest Heater Shield,Medium Shield,Strike,,Parry,-,3.5,188,0,0,0,0,188,N/A,100,N/A,100,42,50,32,43,62,C,-,-,-,-,10,0,0,0,0,,,
Round Shield,Medium Shield,Strike,,Parry,-,4,186,0,0,0,0,186,N/A,100,N/A,88,50,37,43,50,58,C,-,-,-,-,8,0,0,0,0,,,
Scorpion Kite Shield,Medium Shield,Strike,,Parry,-,4.5,191,0,0,0,0,191,N/A,100,N/A,100,45,46,33,50,64,C,-,-,-,-,12,0,0,0,0,,,
Silver Mirrorshield,Medium Shield,Strike,,No Skill,,3.5,135,87,0,0,0,222,N/A,100,N/A,100,89,31,19,27,49,C,-,D,-,-,12,10,10,0,0,,,
Sun Realm Shield,Medium Shield,Strike,,Parry,-,3.5,181,0,0,0,0,181,N/A,100,N/A,86,44,27,40,56,59,C,-,-,-,-,8,0,0,0,0,,,
Twinbird Kite Shield,Medium Shield,Strike,,No Skill,-,4.5,191,0,0,0,0,191,N/A,100,N/A,100,49,50,28,35,62,C,-,-,-,-,12,0,0,0,0,At X% HP +X% AP & Defense,,
Grave Scythe,Reaper,Strike,,Spinning Slash,6(- 12),9.5,352,0,0,0,0,352,N/A,100,N/A,49,33,33,33,33,39,C,D,-,-,-,17,13,0,0,0,Blood Loss (55),,
Halo Scythe,Reaper,Strike,,Miquella's Ring of Light,11(- 11),8.5,289,0,0,0,186,475,N/A,100,N/A,42,29,29,29,42,31,D,C,-,D,-,13,16,0,15,0,Blood Loss (55),,
Scythe,Reaper,Strike,,Spinning Slash,6(- 12),7.5,306,0,0,0,0,306,N/A,100,N/A,45,30,30,30,30,36,D,B,-,-,-,14,14,0,0,0,Blood Loss (55),X% Guard Byapass,
Winged Scythe,Reaper,Strike,,Angel's Wings,17,7.5,213,0,0,0,254,467,N/A,100,N/A,30,25,25,25,25,30,D,C,-,C,-,16,16,0,24,0,Blood Loss (55),,
Clawmark Seal,Sacred Seal,Strike,,No Skill,-,1.5,54,0,0,0,0,54,318,100,N/A,25,15,15,15,15,15,B,-,-,B,-,4,0,0,10,0,+X% Bestial Incantations,,
Dragon Communion Seal,Sacred Seal,Strike,,No Skill,-,0,61,0,0,0,0,61,387,100,N/A,25,15,15,15,15,15,-,-,-,B,S,0,0,0,10,10,+X% Dragon Communion incantations,,
Erdtree Seal,Sacred Seal,Strike,,No Skill,-,0,61,0,0,0,36,97,353,100,N/A,25,15,15,15,15,15,-,-,-,S,-,0,0,0,40,0,,,
Finger Seal,Sacred Seal,Strike,,No Skill,-,1.5,43,0,0,0,0,43,324,100,N/A,25,15,15,15,15,15,D,-,-,S,-,4,0,0,10,0,,,
Frenzy Flame Seal,Sacred Seal,Strike,,No Skill,-,0,61,0,0,0,0,61,373,100,N/A,25,15,15,15,15,15,C,C,C,B,-,0,0,0,0,0,+X% Frenzied Flame incantations,Madness (55),
Ginat's Seal,Sacred Seal,Strike,,No Skill,-,1.5,43,0,0,0,0,43,307,100,N/A,25,15,15,15,15,15,D,-,-,S,-,4,0,0,14,0,+X% Giant's Flame incantations,,
Godslayer's Seal,Sacred Seal,Strike,,No Skill,-,1.5,43,0,0,0,0,43,329,100,N/A,25,15,15,15,15,15,D,-,-,S,-,4,0,0,27,0,+X% Godslayer incantations,,
Golden Order Seal,Sacred Seal,Strike,,No Skill,-,0,58,0,0,0,0,58,390,100,N/A,25,15,15,15,15,15,-,-,A,A,-,0,0,17,17,0,+X% Fundamentalist Incantations,,
Gravel Stone Seal,Sacred Seal,Strike,,No Skill,-,1.5,43,0,0,0,0,43,318,100,N/A,25,15,15,15,15,15,D,-,-,S,-,4,0,0,18,0,+X% Dragon Cult incantations,,
Blue-White Wooden Shield,Small Shield,Strike,,No Skill,-,2,176,0,0,0,0,176,N/A,100,N/A,73,45,35,22,42,51,D,-,-,-,-,8,0,0,0,0,,,
Buckler,Small Shield,Strike,,Buckler Parry,-,1.5,166,0,0,0,0,166,N/A,100,N/A,61,30,30,16,30,48,E,D,-,-,-,8,13,0,0,0,,,
Coil Shield,Small Shield,Strike,,Viper Bite,-,1.5,196,0,0,0,0,196,N/A,100,N/A,65,38,29,35,36,33,D,-,-,-,-,10,10,0,0,0,Poison (72),Raises resistance to Poison?,
Gilded Iron Shield,Small Shield,Strike,,Parry,-,3,181,0,0,0,0,181,N/A,100,N/A,78,40,38,17,51,54,D,-,-,-,-,8,0,0,0,0,,,
Ice Crest Shield,Small Shield,Strike,,No Skill,-,3,181,0,0,0,0,181,N/A,100,N/A,77,57,41,18,35,54,D,-,-,-,-,9,0,0,0,0,,,
Iron Roundshield,Small Shield,Strike,,No Skill,-,3,181,0,0,0,0,181,N/A,100,N/A,80,42,42,18,42,54,D,-,-,-,-,8,0,0,0,0,,,
Man-Serpent Shield,Small Shield,Strike,,No Skill,-,2,171,0,0,0,0,171,N/A,100,N/A,75,35,48,18,33,51,D,-,-,-,-,8,0,0,0,0,,,
Perfumer's Shield,Small Shield,Strike,,Parry,-,1.5,164,0,0,0,0,164,N/A,100,N/A,66,35,35,16,35,48,D,-,-,-,-,8,0,0,0,0,+X Immunity,,
Pillory Shield,Small Shield,Strike,,No Skill,-,3.5,173,0,0,0,0,173,N/A,100,N/A,68,46,23,38,46,52,D,-,-,-,-,10,0,0,0,0,,,
Red Thorn Roundshield,Small Shield,Strike,,Parry,-,1.5,171,0,0,0,0,171,N/A,100,N/A,68,32,42,37,37,50,D,-,-,-,-,8,0,0,0,0,,,
Rickety Shield,Small Shield,Strike,,Parry,-,1,171,0,0,0,0,171,N/A,100,N/A,61,29,24,34,34,48,D,-,-,-,-,8,0,0,0,0,,,
Rift Shield,Small Shield,Strike,,Parry,-,2,171,0,0,0,0,171,N/A,100,N/A,76,33,37,18,37,50,D,-,-,-,-,8,0,0,0,0,+X Focus,,
Riveted Wooden Shield,Small Shield,Strike,,Parry,-,2,176,0,0,0,0,176,N/A,100,N/A,74,43,31,24,45,51,D,-,-,-,-,8,0,0,0,0,,,
Scripture Wooden Shield,Small Shield,Strike,,Parry,-,1.5,171,0,0,0,0,171,N/A,100,N/A,70,40,22,37,45,50,D,-,-,-,-,8,0,0,0,0,,,
Shield of the Guilty,Small Shield,Strike,,Shield Bash,10,2,183,0,0,0,0,183,N/A,100,N/A,68,36,36,31,37,43,C,-,-,-,-,8,0,0,0,0,Blood Loss (50),+X Focus,
Smoldering Shield,Small Shield,Strike,,Shield Bash,10,3,142,0,90,0,0,232,N/A,100,N/A,79,38,56,14,38,54,D,-,-,C,-,10,9,0,12,0,,,
Spiralthorn Shield,Small Shield,Strike,,Parry,-,2,183,0,0,0,0,183,N/A,100,N/A,61,35,39,39,32,46,D,-,-,-,-,8,10,0,0,0,Blood Loss (45),"+X Immunity, Robustness, & Focus",
Bolt of Gransax,Spear,Pierce,,Ancient Lightning Spear,35,8.5,240,0,0,154,0,394,N/A,100,N/A,60,31,31,47,31,40,D,C,-,-,-,20,40,0,0,0,,,
Celebrant's Rib-Rake,Spear,Pierce,,Barbaric Roar,16,5,267,0,0,0,0,267,N/A,100,N/A,40,25,25,25,25,36,D,C,-,-,-,8,14,0,0,0,+X Runes/Hit,,
Clayman's Harpoon,Spear,Pierce,,Impaling Thrust,9,5.5,242,156,0,0,0,398,N/A,100,N/A,49,38,25,25,25,39,C,E,D,-,-,12,10,12,0,0,,,
Cleanrot Spear,Spear,Pierce,,Sacred Phalanx,12,5.5,249,0,0,0,161,410,N/A,100,N/A,49,25,25,25,38,33,C,C,D,-,-,16,16,0,14,0,,,
Cross-Naginata,Spear,Pierce,Slash?,Impaling Thrust,9,8,298,0,0,0,0,298,N/A,100,N/A,52,32,32,32,32,46,D,B,-,-,-,16,20,0,0,0,Blood Loss (50),,
Crystal Spear,Spear,Pierce,,Impaling Thrust,9,5.5,269,80,0,0,0,349,N/A,100,N/A,48,33,26,26,26,33,D,B,D,-,-,10,16,16,0,0,,,
Inquisitor's Grandole,Spear,Pierce,,Charge Forth,16,7.5,249,0,161,0,0,410,N/A,100,N/A,56,28,43,28,28,37,C,C,-,B,-,18,15,0,16,0,Blood Loss (50),,
Iron Spear,Spear,Pierce,,Charge Forth,16,4.5,279,0,0,0,0,279,N/A,100,N/A,42,26,26,26,26,37,C,D,-,-,-,13,11,0,0,0,,,
Partisan,Spear,Pierce,,Impaling Thrust,9,6.5,301,0,0,0,0,301,N/A,100,N/A,48,30,30,30,30,43,C,D,-,-,-,15,12,0,0,0,,,
Pike,Spear,Pierce,,Charge Forth,16,7.5,281,0,0,0,0,281,N/A,100,N/A,53,33,33,33,33,46,C,D,-,-,-,20,14,0,0,0,,,
Rotten Crystal Spear,Spear,Pierce,,Charge Forth,16,5.5,254,75,0,0,0,329,N/A,100,N/A,48,33,26,26,26,33,D,B,D,-,-,10,16,16,0,0,Scarlet Rot (55),,
Short Spear,Spear,Pierce,,Impaling Thrust,9,4,274,0,0,0,0,274,N/A,100,N/A,40,25,25,25,25,36,D,C,-,-,-,10,10,0,0,0,,,
Spear,Spear,Pierce,,Impaling Thrust,9,4.5,279,0,0,0,0,279,N/A,100,N/A,42,26,26,26,26,37,D,C,-,-,-,12,15,0,0,0,,,
Spiked Spear,Spear,Pierce,,Impaling Thrust,9,6,294,0,0,0,0,294,N/A,100,N/A,46,28,28,28,28,40,D,D,-,-,-,14,16,0,0,0,Blood Loss (50),,
Torchpole,Spear,Pierce,Strike?,Charge Forth,16,6,254,0,75,0,0,329,N/A,100,N/A,48,26,33,26,26,39,C,C,-,-,-,14,15,0,0,0,,,
Broad Sword,Straight Sword,Standard,Pierce,Square Off,-(6 8),4,286,0,0,0,0,286,N/A,100,N/A,47,31,31,31,31,37,C,D,-,-,-,10,10,0,0,0,,,
Cane Sword,Straight Sword,Standard,Pierce,Square Off,-(6 8),2.5,235,0,0,0,0,235,N/A,100,N/A,41,27,27,27,27,32,D,C,-,-,-,8,11,0,0,0,,,
Carian Knight's Sword,Straight Sword,Standard,Pierce,Carian Grandeur,26,4,215,215,0,0,0,430,N/A,100,N/A,36,52,26,26,26,31,C,D,D,-,-,10,10,18,0,0,,,
Coded Sword,Straight Sword,Standard,Pierce,Unblockable Blade,25,2.5,0,0,0,0,208,208,N/A,100,N/A,13,22,22,22,58,27,-,-,-,A,-,0,0,0,20,0,,,
Crystal Sword,Straight Sword,Standard,Pierce,Spinning Slash,6(- 12),4.5,259,166,0,0,0,425,N/A,100,N/A,44,44,30,30,30,35,C,D,D,-,-,13,10,15,0,0,,,
Golden Epitaph,Straight Sword,Standard,Pierce,Last Rites,25,3.5,208,0,0,0,208,416,N/A,100,N/A,25,15,15,15,40,30,D,D,-,C,-,12,10,0,14,0,,,
Lazuli Glintstone Sword,Straight Sword,Standard,Pierce,Glintstone Pebble,8(- 4),3.5,193,230,0,0,0,423,N/A,100,N/A,30,55,25,25,25,30,C,D,D,-,-,8,9,13,0,0,,,
Long Sword,Straight Sword,Standard,Pierce,Square Off,-(6 8),3.5,269,0,0,0,0,269,N/A,100,N/A,45,30,30,30,30,36,C,D,-,-,-,10,10,0,0,0,,,
Miquellan Knight's Sword,Straight Sword,Standard,Pierce,Sacred Blade,19,3.5,257,0,0,0,166,423,N/A,100,N/A,40,28,28,28,40,30,D,D,-,D,-,11,11,0,16,0,,,
Regalia of Echoaid,Straight Sword,Standard,Pierce,Echoaid's Dancing Blade,15,5.5,218,139,0,0,0,357,N/A,100,N/A,48,40,31,31,31,34,D,C,-,-,C,12,18,0,0,15,,,
Rotten Crystal Sword,Straight Sword,Standard,Pierce,Spinning Slash,6(- 12),4.5,249,161,0,0,0,410,N/A,100,N/A,48,38,31,31,31,33,C,D,D,-,-,13,10,15,0,0,Scarlet Rot (50),,
Short Sword,Straight Sword,Standard,Pierce,Kick,-,3,249,0,0,0,0,249,N/A,100,N/A,42,28,28,28,28,33,D,C,-,-,-,8,10,0,0,0,,,
Sword of Night and Flame,Straight Sword,Standard,Pierce,Night-and-Flame Stance,-(26 32),4,213,137,137,0,0,487,N/A,100,N/A,36,42,42,26,26,31,D,D,B,B,-,12,12,24,24,0,,,
Sword of St. Trinia,Straight Sword,Standard,Pierce,Mists of Slumber,20,3,262,78,0,0,0,340,N/A,100,N/A,39,33,27,27,27,28,D,C,D,-,-,10,12,14,0,0,Sleep (66),,
Warhawk's Talon,Straight Sword,Standard,Pierce,Spinning Slash,6(- 12),3,247,0,0,0,0,247,N/A,100,N/A,42,28,28,28,28,28,D,B,-,-,-,10,16,0,0,0,,,
Weathered Straight Sword,Straight Sword,Standard,Pierce,Square Off,-(6 8),3,252,0,0,0,0,252,N/A,100,N/A,43,29,29,29,29,34,D,C,-,-,-,7,10,0,0,0,,,
Antspur Rapier,Thrusting Sword,Standard,Pierce,Impaling Thrust,9,3,240,0,0,0,0,240,N/A,100,N/A,47,31,31,31,31,25,D,C,-,-,-,10,20,0,0,0,Scarlet Rot (55),,
Cleanrot Knight's Sword,Thrusting Sword,Standard,Pierce,Impaling Thrust,9,4,267,0,0,0,0,267,N/A,100,N/A,51,34,34,34,34,27,C,D,-,-,-,11,13,0,0,0,,,
Estoc,Thrusting Sword,Standard,Pierce,Impaling Thrust,9,4.5,262,0,0,0,0,262,N/A,100,N/A,54,36,36,36,36,28,E,B,-,-,-,11,13,0,0,0,,,
Frozen Needle,Thrusting Sword,Standard,Pierce,Impaling Thrust,14,2.5,242,0,0,0,0,242,N/A,100,N/A,40,40,28,28,28,20,D,B,-,-,-,11,18,0,0,0,Frost (60),,
Noble's Estoc,Thrusting Sword,Standard,Pierce,Impaling Thrust,9,3.5,254,0,0,0,0,254,N/A,100,N/A,49,33,33,33,33,26,D,D,-,-,-,9,10,0,0,0,,,
Beast-Repellent Torch,Torch,Strike,,Torch Attack,-,2.5,142,0,0,0,0,142,N/A,100,N/A,23,17,28,17,17,22,B,D,-,-,-,12,8,0,0,0,,,Beasts will not attack while equipped
Ghostflame Torch,Torch,Strike,,Torch Attack,-,2.5,122,220,0,0,0,342,N/A,100,N/A,21,42,13,13,13,22,D,D,C,-,-,10,10,14,0,0,Frost (65),,
Sentry's Torch,Torch,Strike,,Torch Attack,-,5,137,0,0,0,245,382,N/A,100,N/A,30,21,21,21,36,24,D,E,-,C,-,15,8,0,15,0,,,
St. Trina's Torch,Torch,Strike,,Fires of Slumber,15,3,124,0,222,0,0,346,N/A,100,N/A,25,15,40,15,15,20,D,D,-,C,-,10,10,0,14,0,Sleep (72),,
Steel-Wire Torch,Torch,Strike,,Firebreather,8,3,149,0,0,0,0,149,N/A,100,N/A,25,18,30,18,18,24,D,B,-,-,-,10,8,0,0,0,,,
Torch,Torch,Strike,,Torch Attack,-,1.5,132,0,237,0,0,369,N/A,100,N/A,21,15,25,15,15,20,C,D,-,-,-,5,5,0,0,0,,,
Eleonora's Poleblade,Twinblade,Standard,Pierce,Bloodblade Dance,11(- 6),6,176,0,176,0,0,352,N/A,100,N/A,33,23,47,23,23,28,E,C,-,-,D,12,21,0,0,19,Blood Loss (33),,
Gargoyle's Black Blades,Twinblade,Standard,Pierce,Spinning Slash,6(- 12),8.5,198,0,0,0,237,435,N/A,100,N/A,32,26,26,26,59,32,B,E,-,D,-,18,15,0,22,0,,,
Gargoyle's Twinblade,Twinblade,Standard,Pierce,Spinning Slash,6(- 12),8.5,301,0,0,0,0,301,N/A,100,N/A,48,32,32,32,32,38,B,E,-,-,-,18,15,0,0,0,,,
Godskin Peeler,Twinblade,Standard,Pierce,Black Flame Tornado,30,8,296,0,0,0,0,296,N/A,100,N/A,47,31,31,31,31,37,D,B,-,-,-,17,22,0,0,0,,,
Twinblade,Twinblade,Standard,Pierce,Spinning Slash,6(- 12),7,291,0,0,0,0,291,N/A,100,N/A,45,30,30,30,30,36,D,C,-,-,-,10,18,0,0,0,,,
Twinned Knight Swords,Twinblade,Standard,Pierce,Spinning Slash,6(- 12),8,298,0,0,0,0,298,N/A,100,N/A,47,31,31,31,31,37,C,D,-,-,-,16,18,0,0,0,,,
Giant's Red Braid,Whip,Strike,,Flame Dance,25,2.5,200,0,129,0,0,329,N/A,100,N/A,24,12,26,12,12,15,B,D,-,B,-,18,12,0,21,0,,,
Hoslow's Petal Whip,Whip,Strike,,Kick,-,3.5,269,0,0,0,0,269,N/A,100,N/A,28,17,17,17,17,20,D,C,-,-,-,10,20,0,0,0,Blood Loss (55),,
Magma Whip Candlestick,Whip,Strike,,Sea of Magma,5(- 5),2.5,176,0,176,0,0,352,N/A,100,N/A,21,10,36,10,10,15,D,B,-,C,-,8,16,0,18,0,,,
Thorned Whip,Whip,Strike,,Kick,-,2.5,249,0,0,0,0,249,N/A,100,N/A,26,15,15,15,15,18,D,B,-,-,-,8,16,0,0,0,Blood Loss (50),,
Urumi,Whip,Slash,,Kick,-,3,247,0,0,0,0,247,N/A,100,N/A,27,16,16,16,16,19,E,B,-,-,-,10,19,0,0,0,,,
Whip,Whip,Strike,,Kick,-,2,245,0,0,0,0,245,N/A,100,N/A,25,15,15,15,15,18,D,C,-,-,-,8,14,0,0,0,,,
